Assessment_ID,AI_System_ID,Privacy_Risk,Fairness_Risk,Security_Risk,Reliability_Risk,Transparency_Risk,Human_Oversight_Risk,Overall_Risk_Score,Risk_Level,Assessment_Date,Reviewer
RA001,AI001,4,5,3,4,5,4,4.20,Critical,2026-09-20,AI Governance Analyst
RA002,AI002,4,4,3,3,3,3,3.40,High,2026-09-20,AI Governance Analyst
RA003,AI003,2,1,4,5,3,3,2.85,Moderate,2026-09-20,AI Governance Analyst
RA004,AI004,2,1,3,4,3,3,2.55,Moderate,2026-09-20,AI Governance Analyst
RA005,AI005,1,1,3,5,3,3,2.50,Moderate,2026-09-20,AI Governance Analyst
RA006,AI006,2,1,3,4,3,3,2.55,Moderate,2026-09-20,AI Governance Analyst
RA007,AI007,2,2,3,4,4,3,2.90,Moderate,2026-09-20,AI Governance Analyst
RA008,AI008,4,3,5,4,4,4,3.95,High,2026-09-20,AI Governance Analyst
RA009,AI009,4,3,4,4,5,4,3.95,High,2026-09-20,AI Governance Analyst
RA010,AI010,5,2,5,4,5,4,4.10,Critical,2026-09-20,AI Governance Analyst
RA011,AI011,3,3,3,2,3,2,2.70,Moderate,2026-09-20,AI Governance Analyst
RA012,AI012,4,3,3,3,3,3,3.20,High,2026-09-20,AI Governance Analyst
RA013,AI013,5,1,5,5,4,3,3.75,High,2026-09-20,AI Governance Analyst
RA014,AI014,4,2,4,3,5,4,3.60,High,2026-09-20,AI Governance Analyst
RA015,AI015,5,3,5,4,4,4,4.15,Critical,2026-09-20,AI Governance Analyst
RA016,AI016,3,2,3,3,3,3,2.80,Moderate,2026-09-20,AI Governance Analyst
RA017,AI017,2,1,3,5,3,3,2.70,Moderate,2026-09-20,AI Governance Analyst
RA018,AI018,2,1,3,4,5,4,3.00,High,2026-09-20,AI Governance Analyst
RA019,AI019,2,2,2,2,4,2,2.30,Moderate,2026-09-20,AI Governance Analyst
RA020,AI020,4,4,3,3,4,3,3.55,High,2026-09-20,AI Governance Analyst
RA021,AI021,4,3,3,3,4,4,3.50,High,2026-09-20,AI Governance Analyst
RA022,AI022,2,4,3,4,4,4,3.45,High,2026-09-20,AI Governance Analyst
RA023,AI023,5,1,5,4,5,3,3.75,High,2026-09-20,AI Governance Analyst
RA024,AI024,2,1,4,5,3,3,2.85,Moderate,2026-09-20,AI Governance Analyst
RA025,AI025,4,1,5,5,3,3,3.40,High,2026-09-20,AI Governance Analyst
RA026,AI026,1,1,2,3,2,2,1.75,Low,2026-09-20,AI Governance Analyst
RA027,AI027,4,3,4,5,4,4,3.95,High,2026-09-20,AI Governance Analyst
RA028,AI028,2,1,3,3,3,2,2.25,Moderate,2026-09-20,AI Governance Analyst
RA029,AI029,2,1,3,3,3,2,2.25,Moderate,2026-09-20,AI Governance Analyst
RA030,AI030,4,2,5,4,5,4,3.90,High,2026-09-20,AI Governance Analyst
RA031,AI031,4,1,5,4,4,3,3.40,High,2026-09-20,AI Governance Analyst
RA032,AI032,4,3,4,3,4,3,3.50,High,2026-09-20,AI Governance Analyst
RA033,AI033,4,5,5,4,5,4,4.50,Critical,2026-09-20,AI Governance Analyst
RA034,AI034,4,2,4,3,4,3,3.30,High,2026-09-20,AI Governance Analyst
RA035,AI035,3,3,3,3,3,4,3.15,High,2026-09-20,AI Governance Analyst
RA036,AI036,5,1,5,4,5,4,3.90,High,2026-09-20,AI Governance Analyst
RA037,AI037,4,1,5,5,4,4,3.70,High,2026-09-20,AI Governance Analyst
RA038,AI038,5,2,5,5,4,3,3.95,High,2026-09-20,AI Governance Analyst
RA039,AI039,2,1,3,5,3,3,2.70,Moderate,2026-09-20,AI Governance Analyst
RA040,AI040,2,2,3,4,4,3,2.90,Moderate,2026-09-20,AI Governance Analyst
RA041,AI041,2,1,2,2,3,2,1.95,Low,2026-09-20,AI Governance Analyst
RA042,AI042,4,3,3,3,4,3,3.35,High,2026-09-20,AI Governance Analyst
RA043,AI043,1,2,2,2,3,3,2.10,Moderate,2026-09-20,AI Governance Analyst
RA044,AI044,2,1,4,5,3,3,2.85,Moderate,2026-09-20,AI Governance Analyst
RA045,AI045,5,1,5,4,5,3,3.75,High,2026-09-20,AI Governance Analyst
RA046,AI046,5,5,4,4,5,4,4.55,Critical,2026-09-20,AI Governance Analyst
RA047,AI047,4,4,3,3,4,4,3.70,High,2026-09-20,AI Governance Analyst
RA048,AI048,1,1,4,5,3,4,2.80,Moderate,2026-09-20,AI Governance Analyst
RA049,AI049,4,2,4,5,3,4,3.60,High,2026-09-20,AI Governance Analyst
RA050,AI050,5,1,5,4,5,4,3.90,High,2026-09-20,AI Governance Analyst
