Remediation_ID,AI_System_ID,System_Name,Governance_Issue,Recommended_Action,Priority,Action_Owner,Start_Date,Target_Date,Status,Dependency,Success_Metric
REM001,AI033,Customer Credit Risk Model,Incomplete fairness testing,Implement quarterly fairness testing across customer groups and document outcome disparities,Critical,Credit Manager,2026-10-01,2026-11-15,Planned,Compliance and Legal Review,Quarterly fairness assessment completed with documented results
REM002,AI033,Customer Credit Risk Model,Missing decision transparency,Implement documented reason codes for adverse credit recommendations,Critical,Credit Manager,2026-10-15,2026-12-15,Planned,Model documentation and IT support,100% of adverse recommendations include documented reason codes
REM003,AI001,Resume Screening Assistant,Incomplete fairness monitoring,Implement quarterly selection-rate and bias testing across candidate groups,Critical,People Analytics Manager,2026-10-01,2026-11-30,Planned,HR Legal Review,Quarterly fairness testing completed and exceptions investigated
REM004,AI001,Resume Screening Assistant,Missing candidate recommendation explanations,Develop documented explanations for AI-assisted candidate recommendations,Critical,Talent Acquisition Manager,2026-10-15,2026-12-15,Planned,Vendor documentation,100% of AI recommendations available with reviewable explanation
REM005,AI015,Access Risk Analyzer,Incomplete validation of access-risk scoring rules,Complete quarterly validation of access-risk scoring rules and document threshold changes,Critical,Cybersecurity Governance Manager,2026-10-15,2026-12-01,Planned,Identity and Access data and analyst review,Quarterly validation completed with approved scoring thresholds
REM006,AI015,Access Risk Analyzer,False-positive access risk classifications,Recalibrate risk thresholds and test model performance against historical privileged-access cases,Critical,Identity and Access Manager,2026-11-01,2027-01-15,Planned,Completed scoring-rule validation and historical test data,False-positive rate reduced by at least 25% from baseline during validation
REM007,AI010,Internal Knowledge Assistant,Insufficient hallucination monitoring,Implement recurring review of generated responses and hallucination tracking,Critical,IT Applications Manager,2026-10-01,2026-11-15,Planned,Monitoring workflow and reviewer capacity,Monthly hallucination rate reported and tracked
REM008,AI010,Internal Knowledge Assistant,Restricted information exposure risk,Strengthen role-based access controls and test permissions to restricted knowledge sources,Critical,Data Security Manager,2026-10-01,2026-12-01,Planned,Identity and Access Management support,Zero unauthorized restricted-document access in validation testing
REM009,AI046,Employee Attrition Predictor,Incomplete fairness testing,Implement quarterly fairness analysis across employee groups before intervention decisions,Critical,People Analytics Manager,2026-10-15,2026-12-15,Planned,HR Legal and Privacy Review,All material fairness disparities documented and reviewed
REM010,AI046,Employee Attrition Predictor,Insufficient transparency,Create model documentation explaining major factors influencing attrition-risk scores,Critical,People Analytics Manager,2026-11-01,2027-01-31,Planned,Data Science documentation,100% of reviewed predictions supported by documented model factors
